Start,End,Well,Average_m
2026-09-30 00:00:00,2026-10-01 00:00:00,OW407,11.655
2026-09-30 00:00:00,2026-10-01 00:00:00,OW404,24.067
2026-09-30 00:00:00,2026-10-01 00:00:00,OW403,38.651
2026-09-30 00:00:00,2026-10-01 00:00:00,OW409,13.916
2026-09-30 00:00:00,2026-10-01 00:00:00,OW411,7.577
2026-09-30 00:00:00,2026-10-01 00:00:00,OW410,4.826
2026-09-30 00:00:00,2026-10-01 00:00:00,OW442,21.25
2026-09-30 00:00:00,2026-10-01 00:00:00,OW413,86.257
2026-09-30 00:00:00,2026-10-01 00:00:00,OW467,10.985
2026-09-30 00:00:00,2026-10-01 00:00:00,OW506,10.433
2026-09-30 00:00:00,2026-10-01 00:00:00,OW512,1.974
2026-09-30 00:00:00,2026-10-01 00:00:00,OW510,3.316
2026-09-30 00:00:00,2026-10-01 00:00:00,OW172,15.833
2026-09-30 00:00:00,2026-10-01 00:00:00,OW154,NA
2026-09-30 00:00:00,2026-10-01 00:00:00,OW115,6.572
2026-09-30 00:00:00,2026-10-01 00:00:00,OW117,NA
2026-09-30 00:00:00,2026-10-01 00:00:00,OW180,10.58
2026-09-30 00:00:00,2026-10-01 00:00:00,OW236,24.777
2026-09-30 00:00:00,2026-10-01 00:00:00,OW262,57.52
2026-09-30 00:00:00,2026-10-01 00:00:00,OW282,8.467
2026-10-01 00:00:00,2026-10-02 00:00:00,OW407,11.654
2026-10-01 00:00:00,2026-10-02 00:00:00,OW404,24.069
2026-10-01 00:00:00,2026-10-02 00:00:00,OW403,38.649
2026-10-01 00:00:00,2026-10-02 00:00:00,OW409,13.913
2026-10-01 00:00:00,2026-10-02 00:00:00,OW411,7.607
2026-10-01 00:00:00,2026-10-02 00:00:00,OW410,4.83
2026-10-01 00:00:00,2026-10-02 00:00:00,OW442,21.255
2026-10-01 00:00:00,2026-10-02 00:00:00,OW413,86.248
2026-10-01 00:00:00,2026-10-02 00:00:00,OW467,11.005
2026-10-01 00:00:00,2026-10-02 00:00:00,OW506,10.439
2026-10-01 00:00:00,2026-10-02 00:00:00,OW512,1.972
2026-10-01 00:00:00,2026-10-02 00:00:00,OW510,3.287
2026-10-01 00:00:00,2026-10-02 00:00:00,OW172,15.871
2026-10-01 00:00:00,2026-10-02 00:00:00,OW154,NA
2026-10-01 00:00:00,2026-10-02 00:00:00,OW115,6.579
2026-10-01 00:00:00,2026-10-02 00:00:00,OW117,NA
2026-10-01 00:00:00,2026-10-02 00:00:00,OW180,10.574
2026-10-01 00:00:00,2026-10-02 00:00:00,OW236,24.789
2026-10-01 00:00:00,2026-10-02 00:00:00,OW262,57.533
2026-10-01 00:00:00,2026-10-02 00:00:00,OW282,8.47
2026-10-02 00:00:00,2026-10-03 00:00:00,OW407,11.643
2026-10-02 00:00:00,2026-10-03 00:00:00,OW404,24.071
2026-10-02 00:00:00,2026-10-03 00:00:00,OW403,38.637
2026-10-02 00:00:00,2026-10-03 00:00:00,OW409,13.909
2026-10-02 00:00:00,2026-10-03 00:00:00,OW411,7.595
2026-10-02 00:00:00,2026-10-03 00:00:00,OW410,4.832
2026-10-02 00:00:00,2026-10-03 00:00:00,OW442,21.215
2026-10-02 00:00:00,2026-10-03 00:00:00,OW413,86.212
2026-10-02 00:00:00,2026-10-03 00:00:00,OW467,10.977
2026-10-02 00:00:00,2026-10-03 00:00:00,OW506,10.442
2026-10-02 00:00:00,2026-10-03 00:00:00,OW512,1.962
2026-10-02 00:00:00,2026-10-03 00:00:00,OW510,3.246
2026-10-02 00:00:00,2026-10-03 00:00:00,OW172,15.91
2026-10-02 00:00:00,2026-10-03 00:00:00,OW154,NA
2026-10-02 00:00:00,2026-10-03 00:00:00,OW115,6.579
2026-10-02 00:00:00,2026-10-03 00:00:00,OW117,NA
2026-10-02 00:00:00,2026-10-03 00:00:00,OW180,10.599
2026-10-02 00:00:00,2026-10-03 00:00:00,OW236,24.736
2026-10-02 00:00:00,2026-10-03 00:00:00,OW262,57.478
2026-10-02 00:00:00,2026-10-03 00:00:00,OW282,8.472
2026-10-03 00:00:00,2026-10-04 00:00:00,OW407,11.646
2026-10-03 00:00:00,2026-10-04 00:00:00,OW404,24.074
2026-10-03 00:00:00,2026-10-04 00:00:00,OW403,38.653
2026-10-03 00:00:00,2026-10-04 00:00:00,OW409,13.907
2026-10-03 00:00:00,2026-10-04 00:00:00,OW411,7.608
2026-10-03 00:00:00,2026-10-04 00:00:00,OW410,4.834
2026-10-03 00:00:00,2026-10-04 00:00:00,OW442,21.223
2026-10-03 00:00:00,2026-10-04 00:00:00,OW413,86.248
2026-10-03 00:00:00,2026-10-04 00:00:00,OW467,10.997
2026-10-03 00:00:00,2026-10-04 00:00:00,OW506,10.449
2026-10-03 00:00:00,2026-10-04 00:00:00,OW512,1.963
2026-10-03 00:00:00,2026-10-04 00:00:00,OW510,3.215
2026-10-03 00:00:00,2026-10-04 00:00:00,OW172,15.924
2026-10-03 00:00:00,2026-10-04 00:00:00,OW154,NA
2026-10-03 00:00:00,2026-10-04 00:00:00,OW115,6.576
2026-10-03 00:00:00,2026-10-04 00:00:00,OW117,NA
2026-10-03 00:00:00,2026-10-04 00:00:00,OW180,10.558
2026-10-03 00:00:00,2026-10-04 00:00:00,OW236,24.778
2026-10-03 00:00:00,2026-10-04 00:00:00,OW262,57.519
2026-10-03 00:00:00,2026-10-04 00:00:00,OW282,8.474
2026-10-04 00:00:00,2026-10-05 00:00:00,OW407,11.651
2026-10-04 00:00:00,2026-10-05 00:00:00,OW404,24.075
2026-10-04 00:00:00,2026-10-05 00:00:00,OW403,38.642
2026-10-04 00:00:00,2026-10-05 00:00:00,OW409,13.904
2026-10-04 00:00:00,2026-10-05 00:00:00,OW411,7.608
2026-10-04 00:00:00,2026-10-05 00:00:00,OW410,4.837
2026-10-04 00:00:00,2026-10-05 00:00:00,OW442,21.196
2026-10-04 00:00:00,2026-10-05 00:00:00,OW413,86.216
2026-10-04 00:00:00,2026-10-05 00:00:00,OW467,10.982
2026-10-04 00:00:00,2026-10-05 00:00:00,OW506,10.453
2026-10-04 00:00:00,2026-10-05 00:00:00,OW512,1.957
2026-10-04 00:00:00,2026-10-05 00:00:00,OW510,3.181
2026-10-04 00:00:00,2026-10-05 00:00:00,OW172,15.914
2026-10-04 00:00:00,2026-10-05 00:00:00,OW154,NA
2026-10-04 00:00:00,2026-10-05 00:00:00,OW115,6.573
2026-10-04 00:00:00,2026-10-05 00:00:00,OW117,NA
2026-10-04 00:00:00,2026-10-05 00:00:00,OW180,10.532
2026-10-04 00:00:00,2026-10-05 00:00:00,OW236,24.74
2026-10-04 00:00:00,2026-10-05 00:00:00,OW262,57.484
2026-10-04 00:00:00,2026-10-05 00:00:00,OW282,8.477
2026-10-05 00:00:00,2026-10-06 00:00:00,OW407,11.655
2026-10-05 00:00:00,2026-10-06 00:00:00,OW404,24.077
2026-10-05 00:00:00,2026-10-06 00:00:00,OW403,38.643
2026-10-05 00:00:00,2026-10-06 00:00:00,OW409,13.901
2026-10-05 00:00:00,2026-10-06 00:00:00,OW411,7.591
2026-10-05 00:00:00,2026-10-06 00:00:00,OW410,4.837
2026-10-05 00:00:00,2026-10-06 00:00:00,OW442,21.171
2026-10-05 00:00:00,2026-10-06 00:00:00,OW413,86.208
2026-10-05 00:00:00,2026-10-06 00:00:00,OW467,10.961
2026-10-05 00:00:00,2026-10-06 00:00:00,OW506,10.459
2026-10-05 00:00:00,2026-10-06 00:00:00,OW512,1.952
2026-10-05 00:00:00,2026-10-06 00:00:00,OW510,3.146
2026-10-05 00:00:00,2026-10-06 00:00:00,OW172,15.892
2026-10-05 00:00:00,2026-10-06 00:00:00,OW154,NA
2026-10-05 00:00:00,2026-10-06 00:00:00,OW115,6.564
2026-10-05 00:00:00,2026-10-06 00:00:00,OW117,NA
2026-10-05 00:00:00,2026-10-06 00:00:00,OW180,10.503
2026-10-05 00:00:00,2026-10-06 00:00:00,OW236,24.708
2026-10-05 00:00:00,2026-10-06 00:00:00,OW262,57.455
2026-10-05 00:00:00,2026-10-06 00:00:00,OW282,8.479
2026-10-06 00:00:00,2026-10-07 00:00:00,OW407,11.661
2026-10-06 00:00:00,2026-10-07 00:00:00,OW404,24.08
2026-10-06 00:00:00,2026-10-07 00:00:00,OW403,38.649
2026-10-06 00:00:00,2026-10-07 00:00:00,OW409,13.898
2026-10-06 00:00:00,2026-10-07 00:00:00,OW411,7.597
2026-10-06 00:00:00,2026-10-07 00:00:00,OW410,4.839
2026-10-06 00:00:00,2026-10-07 00:00:00,OW442,21.185
2026-10-06 00:00:00,2026-10-07 00:00:00,OW413,86.235
2026-10-06 00:00:00,2026-10-07 00:00:00,OW467,10.972
2026-10-06 00:00:00,2026-10-07 00:00:00,OW506,10.465
2026-10-06 00:00:00,2026-10-07 00:00:00,OW512,1.952
2026-10-06 00:00:00,2026-10-07 00:00:00,OW510,3.12
2026-10-06 00:00:00,2026-10-07 00:00:00,OW172,15.877
2026-10-06 00:00:00,2026-10-07 00:00:00,OW154,NA
2026-10-06 00:00:00,2026-10-07 00:00:00,OW115,6.553
2026-10-06 00:00:00,2026-10-07 00:00:00,OW117,NA
2026-10-06 00:00:00,2026-10-07 00:00:00,OW180,10.487
2026-10-06 00:00:00,2026-10-07 00:00:00,OW236,24.736
2026-10-06 00:00:00,2026-10-07 00:00:00,OW262,57.486
2026-10-06 00:00:00,2026-10-07 00:00:00,OW282,8.482
2026-10-07 00:00:00,2026-10-08 00:00:00,OW407,NA
2026-10-07 00:00:00,2026-10-08 00:00:00,OW404,NA
2026-10-07 00:00:00,2026-10-08 00:00:00,OW403,NA
2026-10-07 00:00:00,2026-10-08 00:00:00,OW409,NA
2026-10-07 00:00:00,2026-10-08 00:00:00,OW411,NA
2026-10-07 00:00:00,2026-10-08 00:00:00,OW410,NA
2026-10-07 00:00:00,2026-10-08 00:00:00,OW442,NA
2026-10-07 00:00:00,2026-10-08 00:00:00,OW413,NA
2026-10-07 00:00:00,2026-10-08 00:00:00,OW467,NA
2026-10-07 00:00:00,2026-10-08 00:00:00,OW506,NA
2026-10-07 00:00:00,2026-10-08 00:00:00,OW512,NA
2026-10-07 00:00:00,2026-10-08 00:00:00,OW510,NA
2026-10-07 00:00:00,2026-10-08 00:00:00,OW172,NA
2026-10-07 00:00:00,2026-10-08 00:00:00,OW154,NA
2026-10-07 00:00:00,2026-10-08 00:00:00,OW115,NA
2026-10-07 00:00:00,2026-10-08 00:00:00,OW117,NA
2026-10-07 00:00:00,2026-10-08 00:00:00,OW180,NA
2026-10-07 00:00:00,2026-10-08 00:00:00,OW236,NA
2026-10-07 00:00:00,2026-10-08 00:00:00,OW262,NA
2026-10-07 00:00:00,2026-10-08 00:00:00,OW282,NA
2026-09-30 00:00:00,2026-10-01 00:00:00,OW311,NA
2026-09-30 00:00:00,2026-10-01 00:00:00,OW264,NA
2026-09-30 00:00:00,2026-10-01 00:00:00,OW332,NA
2026-09-30 00:00:00,2026-10-01 00:00:00,OW356,8.092
2026-09-30 00:00:00,2026-10-01 00:00:00,OW401,5.087
2026-09-30 00:00:00,2026-10-01 00:00:00,OW387,14.104
2026-09-30 00:00:00,2026-10-01 00:00:00,OW402,12.971
2026-09-30 00:00:00,2026-10-01 00:00:00,OW384,82.768
2026-09-30 00:00:00,2026-10-01 00:00:00,OW405,18.154
2026-09-30 00:00:00,2026-10-01 00:00:00,OW412,10.528
2026-10-01 00:00:00,2026-10-02 00:00:00,OW311,NA
2026-10-01 00:00:00,2026-10-02 00:00:00,OW264,NA
2026-10-01 00:00:00,2026-10-02 00:00:00,OW332,NA
2026-10-01 00:00:00,2026-10-02 00:00:00,OW356,8.093
2026-10-01 00:00:00,2026-10-02 00:00:00,OW401,5.092
2026-10-01 00:00:00,2026-10-02 00:00:00,OW387,14.163
2026-10-01 00:00:00,2026-10-02 00:00:00,OW402,NA
2026-10-01 00:00:00,2026-10-02 00:00:00,OW384,82.742
2026-10-01 00:00:00,2026-10-02 00:00:00,OW405,18.158
2026-10-01 00:00:00,2026-10-02 00:00:00,OW412,10.534
2026-10-02 00:00:00,2026-10-03 00:00:00,OW311,NA
2026-10-02 00:00:00,2026-10-03 00:00:00,OW264,NA
2026-10-02 00:00:00,2026-10-03 00:00:00,OW332,NA
2026-10-02 00:00:00,2026-10-03 00:00:00,OW356,8.094
2026-10-02 00:00:00,2026-10-03 00:00:00,OW401,5.091
2026-10-02 00:00:00,2026-10-03 00:00:00,OW387,14.197
2026-10-02 00:00:00,2026-10-03 00:00:00,OW402,12.982
2026-10-02 00:00:00,2026-10-03 00:00:00,OW384,82.705
2026-10-02 00:00:00,2026-10-03 00:00:00,OW405,18.159
2026-10-02 00:00:00,2026-10-03 00:00:00,OW412,10.537
2026-10-03 00:00:00,2026-10-04 00:00:00,OW311,NA
2026-10-03 00:00:00,2026-10-04 00:00:00,OW264,NA
2026-10-03 00:00:00,2026-10-04 00:00:00,OW332,NA
2026-10-03 00:00:00,2026-10-04 00:00:00,OW356,8.095
2026-10-03 00:00:00,2026-10-04 00:00:00,OW401,5.106
2026-10-03 00:00:00,2026-10-04 00:00:00,OW387,14.223
2026-10-03 00:00:00,2026-10-04 00:00:00,OW402,13.008
2026-10-03 00:00:00,2026-10-04 00:00:00,OW384,82.725
2026-10-03 00:00:00,2026-10-04 00:00:00,OW405,18.162
2026-10-03 00:00:00,2026-10-04 00:00:00,OW412,10.544
2026-10-04 00:00:00,2026-10-05 00:00:00,OW311,NA
2026-10-04 00:00:00,2026-10-05 00:00:00,OW264,NA
2026-10-04 00:00:00,2026-10-05 00:00:00,OW332,NA
2026-10-04 00:00:00,2026-10-05 00:00:00,OW356,8.095
2026-10-04 00:00:00,2026-10-05 00:00:00,OW401,5.105
2026-10-04 00:00:00,2026-10-05 00:00:00,OW387,14.231
2026-10-04 00:00:00,2026-10-05 00:00:00,OW402,13.007
2026-10-04 00:00:00,2026-10-05 00:00:00,OW384,82.688
2026-10-04 00:00:00,2026-10-05 00:00:00,OW405,18.162
2026-10-04 00:00:00,2026-10-05 00:00:00,OW412,10.548
2026-10-05 00:00:00,2026-10-06 00:00:00,OW311,NA
2026-10-05 00:00:00,2026-10-06 00:00:00,OW264,NA
2026-10-05 00:00:00,2026-10-06 00:00:00,OW332,NA
2026-10-05 00:00:00,2026-10-06 00:00:00,OW356,8.096
2026-10-05 00:00:00,2026-10-06 00:00:00,OW401,5.104
2026-10-05 00:00:00,2026-10-06 00:00:00,OW387,14.244
2026-10-05 00:00:00,2026-10-06 00:00:00,OW402,13.001
2026-10-05 00:00:00,2026-10-06 00:00:00,OW384,82.674
2026-10-05 00:00:00,2026-10-06 00:00:00,OW405,18.163
2026-10-05 00:00:00,2026-10-06 00:00:00,OW412,10.551
2026-10-06 00:00:00,2026-10-07 00:00:00,OW311,NA
2026-10-06 00:00:00,2026-10-07 00:00:00,OW264,NA
2026-10-06 00:00:00,2026-10-07 00:00:00,OW332,NA
2026-10-06 00:00:00,2026-10-07 00:00:00,OW356,8.098
2026-10-06 00:00:00,2026-10-07 00:00:00,OW401,5.121
2026-10-06 00:00:00,2026-10-07 00:00:00,OW387,14.264
2026-10-06 00:00:00,2026-10-07 00:00:00,OW402,13.015
2026-10-06 00:00:00,2026-10-07 00:00:00,OW384,82.691
2026-10-06 00:00:00,2026-10-07 00:00:00,OW405,18.166
2026-10-06 00:00:00,2026-10-07 00:00:00,OW412,10.556
2026-10-07 00:00:00,2026-10-08 00:00:00,OW311,NA
2026-10-07 00:00:00,2026-10-08 00:00:00,OW264,NA
2026-10-07 00:00:00,2026-10-08 00:00:00,OW332,NA
2026-10-07 00:00:00,2026-10-08 00:00:00,OW356,NA
2026-10-07 00:00:00,2026-10-08 00:00:00,OW401,NA
2026-10-07 00:00:00,2026-10-08 00:00:00,OW387,NA
2026-10-07 00:00:00,2026-10-08 00:00:00,OW402,NA
2026-10-07 00:00:00,2026-10-08 00:00:00,OW384,NA
2026-10-07 00:00:00,2026-10-08 00:00:00,OW405,NA
2026-10-07 00:00:00,2026-10-08 00:00:00,OW412,NA
