Week ending,Current (ac-ft),1944-2025 avg (ac-ft),% of average
2026-10-07,-2786,-693,402
2026-10-14,NA,-645,NA
2026-10-21,NA,630,NA
2026-10-28,NA,1284,NA
2026-11-04,NA,1619,NA
2026-11-11,NA,1789,NA
2026-11-18,NA,2070,NA
2026-11-25,NA,1398,NA
2026-12-02,NA,1984,NA
2026-12-09,NA,1271,NA
2026-12-16,NA,1877,NA
2026-12-23,NA,2171,NA
2026-12-30,NA,2250,NA
2027-01-06,NA,1663,NA
2027-01-13,NA,2590,NA
2027-01-20,NA,2885,NA
2027-01-27,NA,2681,NA
2027-02-03,NA,2765,NA
2027-02-10,NA,2741,NA
2027-02-17,NA,3587,NA
2027-02-24,NA,3153,NA
2027-03-03,NA,3681,NA
2027-03-10,NA,3736,NA
2027-03-17,NA,5041,NA
2027-03-24,NA,5144,NA
2027-03-31,NA,6281,NA
2027-04-07,NA,7771,NA
2027-04-14,NA,9801,NA
2027-04-21,NA,13797,NA
2027-04-28,NA,22019,NA
2027-05-05,NA,30100,NA
2027-05-12,NA,39825,NA
2027-05-19,NA,46508,NA
2027-05-26,NA,49364,NA
2027-06-02,NA,44018,NA
2027-06-09,NA,37014,NA
2027-06-16,NA,29752,NA
2027-06-23,NA,21057,NA
2027-06-30,NA,14253,NA
2027-07-07,NA,9534,NA
2027-07-14,NA,5061,NA
2027-07-21,NA,1892,NA
2027-07-28,NA,322,NA
2027-08-04,NA,-2070,NA
2027-08-11,NA,-2192,NA
2027-08-18,NA,-2196,NA
2027-08-25,NA,-2581,NA
2027-09-01,NA,-1955,NA
2027-09-08,NA,-1975,NA
2027-09-15,NA,-1885,NA
2027-09-22,NA,-1000,NA
2027-09-30,NA,-785,NA
